epoch,train_loss,val_loss,learning_rate
0,0.045231,0.042156,0.001
10,0.023456,0.021234,0.001
20,0.015678,0.014567,0.001
30,0.010234,0.009876,0.001
